id;address_1;address_2;city;postcode;country
1;sky blue;Peru deposit;Brennonshire;Buckingham;Et
2;mindshare Gorgeous;Chips;Lake Hilariochester;paradigms ;Eg
3;Benin;Tuna Response invoice;Myrlfurt;e-markets ;Ar
4;Louisiana;hack;West Bettyeton;Small;Ga
5;Developer Shoes Music;Buckinghamshire Hollow Shoes;New Granville;Personal L;Ne
6;Gorgeous Cotton Chair Personal Loan Account Borders;Norfolk Island Chilean Peso Unidades de fomento Checking Account;Nitzscheside;COM;Ne
7;multi-byte Jamaican Dollar North Carolina;Station;Reggieside;revolution;Tr
8;black;yellow;North Alison;Credit Car;Gr
9;withdrawal;quantifying Garden;Gerlachburgh;Metal Rupi;Ne
10;HTTP system mobile;China;Lake Keon;Wyoming in;Eg
