id;first_name;last_name;email;telephone
1;Deangelo;Zieme;Virgil_Treutel@gmail.com;(613) 237-7888 x84786
2;Rowena;Boehm;Carolyne_Schaden60@hotmail.com;031.969.0213 x546
3;Isaias;O'Hara;Dana.Dare23@hotmail.com;(317) 367-8763 x550
4;Johann;Hilll;Dimitri58@yahoo.com;934.896.4735 x65648
5;Cleta;Fay;Jessy.Goyette@hotmail.com;601.994.9298 x3709
6;Tina;Harber;Kattie_Wisoky@yahoo.com;802.331.8234 x13539
7;Rosalind;Powlowski;Kevon20@hotmail.com;693-125-2837 x8617
8;Melody;Herzog;Eldora.Grimes81@yahoo.com;(869) 050-5671
9;Mabel;Bernier;Gracie89@hotmail.com;(303) 504-5603 x41592
10;Rogelio;McLaughlin;Alexander3@hotmail.com;335-135-8722 x96408
